<?xml version="1.0" encoding="UTF-8"?>

<module xmlns="urn:jboss:module:1.1" name="org.jboss.gpe.jdg">
    <resources>
        <resource-root path="${version.commons.pool}.jar"/>
        <resource-root path="${version.infinispan.client.hotrod}.jar"/>
        <resource-root path="${version.infinispan.core}.jar"/>
        <resource-root path="${version.jboss.marshalling}.jar"/>
        <resource-root path="${version.jboss.marshalling.river}.jar"/>
    </resources>

    <dependencies>
        <module name="org.jboss.logging" />
        <module name="javax.api" />
        <module name="javax.transaction.api" />
    </dependencies>
</module>
